parentid,objectid,title,object_location,date,date-is-approximate?,creator,recipient,description,item_information,subject,location,latitude,longitude,related_publication,publisher-digital,source,object_location,findingaid,original-identifier,identifier,rights,rightsstatement,type,format,language,relation,display_template,object_location,image_small,image_thumb
,aihm001,American Indians: multi-part article,https://www.ncpedia.org/american-indians/introduction,2006,y,"DiNome, William; Coe, Joffre L.; Green, Michael D.; Towles, Louis P.; Weidman, Rich",,A multipart article about American Indians in North Carolina,encyclopedia article,American Indians; Native Americans (Indians of North America); Native Americans (Indians of North America)--North Carolina--History,,,,American Indian Tribes in NC,NCpedia,State Library of NC. Tar Heel Junior HIstorian.,https://www.ncpedia.org/american-indians/introduction,,,/node/1712,"NCpedia content has been made available by contributors for personal educational use, consistent with provisions of fair use under copyright law. For any other uses, derivatives or republication requests, please contact the individual contributors or publishers.",https://www.ncpedia.org/writing-and-citing-ncpedia-articles,text,text/html,eng,,pdf,https://www.ncpedia.org/american-indians/introduction,/objects/small/001_americanindians_sm.jpg,/objects/thumbs/001_americanindians_th.jpg
,aihm002,Great Trading Path,https://www.ncpedia.org/great-trading-path,2006,y,"Davis, Jr., R.P. Stephen",,An article about the American Indian Trading Path from Virginia to South Carolina,encyclopedia article,American Indians; Native Americans (Indians of North American); Native Americans (Indians of North America)--North Carolina--History; Native Americans (Indians of North America)--North Carolina--Social life and customs,,,,Occaneechi Indians,NCpedia,State Library of NC. Tar Heel Junior HIstorian.,https://www.ncpedia.org/great-trading-path,,,/node/2619,"NCpedia content has been made available by contributors for personal educational use, consistent with provisions of fair use under copyright law. For any other uses, derivatives or republication requests, please contact the individual contributors or publishers.",https://www.ncpedia.org/writing-and-citing-ncpedia-articles,text,text/html,eng,,pdf,https://www.ncpedia.org/great-trading-path,/objects/small/002_tradingpath_sm.jpg,/objects/thumbs/002_tradingpath_th.jpg
,aihm003,American Indian Tribes in NC,,,,,,,,American Indians; Native Americans (Indians of North American); Native Americans (Indians of North America)--North Carolina,,,,American Indians: multi-part article,,,,,,,,,,,,,compound_object,,/objects/small/003_tribesmap_sm.jpg,/objects/thumbs/003_tribesmap_th.jpg
aihm003,aihm004,Catawba Indians,https://www.ncpedia.org/catawba-indians,2006,y,"Moore, David G.",,An article about the Catawaba Tribe in North Carolina,encyclopedia article,American Indians; Catawba Indians--North Carolina; Native Americans (Indians of North America)--North Carolina,,,,,NCpedia,State Library of NC. Tar Heel Junior HIstorian.,https://www.ncpedia.org/catawba-indians,,,/node/2106,"NCpedia content has been made available by contributors for personal educational use, consistent with provisions of fair use under copyright law. For any other uses, derivatives or republication requests, please contact the individual contributors or publishers.",https://www.ncpedia.org/writing-and-citing-ncpedia-articles,text,text/html,eng,,pdf,https://www.ncpedia.org/catawba-indians,/objects/small/004_catawbas_sm.jpg,/objects/thumbs/004_catawbas_th.jpg
aihm003,aihm005,Cherokee Indians: multi-part article,https://www.ncpedia.org/cherokee/overview,2006,y,"Anderson, William L.; Wetmore, Ruth Y.; Bell, John L.",,A multipart article about the Cherokee Tribe in North Carolina,encyclopedia article,American Indians; Cherokee Indians--History; Cherokee Indians--North Carolina; Cherokee Indians--North Carolina--History,,,,,NCpedia,State Library of NC. Tar Heel Junior HIstorian.,https://www.ncpedia.org/cherokee/overview,,,/node/2137,"NCpedia content has been made available by contributors for personal educational use, consistent with provisions of fair use under copyright law. For any other uses, derivatives or republication requests, please contact the individual contributors or publishers.",https://www.ncpedia.org/writing-and-citing-ncpedia-articles,text,text/html,eng,,pdf,https://www.ncpedia.org/cherokee/overview,/objects/small/005_cherokeenation_sm.jpg,/objects/thumbs/005_cherokeenation_th.jpg
aihm003,aihm006,Coharie Indians,https://www.ncpedia.org/coharie-indians-coharie-tribe,2018,y,"Wegner, Ansley Herring",,An article about the Coharie Tribe in North Carolina,encyclopedia article,American Indians; Native Americans (Indians of North America)--North Carolina,,,,,NCpedia,State Library of NC. Tar Heel Junior HIstorian.,https://www.ncpedia.org/coharie-indians-coharie-tribe,,,/node/25776,"NCpedia content has been made available by contributors for personal educational use, consistent with provisions of fair use under copyright law. For any other uses, derivatives or republication requests, please contact the individual contributors or publishers.",https://www.ncpedia.org/writing-and-citing-ncpedia-articles,text,text/html,eng,,pdf,https://www.ncpedia.org/coharie-indians-coharie-tribe,/objects/small/006_coharie_sm.jpg,/objects/thumbs/006_coharie_th.jpg
aihm003,aihm007,Haliwa and/or Haliwa-Saponi,https://www.ncpedia.org/haliwa-people-and-haliwa-saponi,2006,y,"Wetmore, Ruth Y.",,An article about the Haliwa also called the Haliwa-Sapnoi people in North Carolina,encyclopedia article,American Indians; Native Americans (Indians of North America)--North Carolina; Saponi Indians--North Carolina,,,,Sappony Indians,NCpedia,State Library of NC. Tar Heel Junior HIstorian.,https://www.ncpedia.org/haliwa-people-and-haliwa-saponi,,,/node/2645,"NCpedia content has been made available by contributors for personal educational use, consistent with provisions of fair use under copyright law. For any other uses, derivatives or republication requests, please contact the individual contributors or publishers.",https://www.ncpedia.org/writing-and-citing-ncpedia-articles,text,text/html,eng,,pdf,https://www.ncpedia.org/haliwa-people-and-haliwa-saponi,/objects/small/007_haliwasaponi_sm.jpg,/objects/thumbs/007_haliwasaponi_th.jpg
aihm003,aihm008,Lumbee Indians: multi-part articles,https://www.ncpedia.org/lumbee/introduction,2006,y,"Stilling, Glenn Ellen Starr",,A multipart article about the Lumbee Tribe in North Carolina,encyclopedia article,American Indians; Lumbee Indians; Lumbee Indians--North Carolina; Lumbee Indians--North Carolina--History; Lumbee Indians--North Carolina--Robeson County; Native Americans (Indians of North America)--North Carolina,,,,"Lumbee Indians in the Jim Crow south : race, identity, and the making of a nation",NCpedia,State Library of NC. Tar Heel Junior HIstorian.,https://www.ncpedia.org/lumbee/introduction,,,/node/2875,"NCpedia content has been made available by contributors for personal educational use, consistent with provisions of fair use under copyright law. For any other uses, derivatives or republication requests, please contact the individual contributors or publishers.",https://www.ncpedia.org/writing-and-citing-ncpedia-articles,text,text/html,eng,,pdf,https://www.ncpedia.org/lumbee/introduction,/objects/small/008_lumbeelogo_sm.jpg,/objects/thumbs/008_lumbeelogo_th.jpg
aihm003,aihm009,Meherrin: People of the Water,https://www.ncpedia.org/meherrin-people-of-the-water,2018,y,"Coffey, Michael",,An article about the Meherrin Tribe in North Carolina,encyclopedia article,American Indians; Native Americans (Indians of North America)--North Carolina,,,,"Meherrin Indian Tribe, Tribal Headquarters and Meherrin Indian Village",NCpedia,State Library of NC. Tar Heel Junior HIstorian.,https://www.ncpedia.org/meherrin-people-of-the-water,,,/node/25777,"NCpedia content has been made available by contributors for personal educational use, consistent with provisions of fair use under copyright law. For any other uses, derivatives or republication requests, please contact the individual contributors or publishers.",https://www.ncpedia.org/writing-and-citing-ncpedia-articles,text,text/html,eng,,pdf,https://www.ncpedia.org/meherrin-people-of-the-water,/objects/small/009_meherrin_sm.jpg,/objects/thumbs/009_meherrin_th.jpg
aihm003,aihm010,Occaneechi Indians,https://www.ncpedia.org/occaneechi-indians,2006,y,"Davis, Jr., R.P. Stephen",,An article about the Occaneechi Tribe in North Carolina.,encyclopedia article,American Indians; Native Americans (Indians of North America)--North Carolina; Occaneechi Indians,,,,Great Trading Path,NCpedia,State Library of NC. Tar Heel Junior HIstorian.,https://www.ncpedia.org/occaneechi-indians,,,/node/3104,"NCpedia content has been made available by contributors for personal educational use, consistent with provisions of fair use under copyright law. For any other uses, derivatives or republication requests, please contact the individual contributors or publishers.",https://www.ncpedia.org/writing-and-citing-ncpedia-articles,text,text/html,eng,,pdf,https://www.ncpedia.org/occaneechi-indians,/objects/small/010_occaneechimarker_sm.jpg,/objects/thumbs/010_occaneechimarker_th.jpg
aihm003,aihm011,Sappony Indians,https://www.ncpedia.org/sappony-indians,2011,y,"Stewart, Kara; Desiderio, Dante; Munford, Sherry Epps",,An article about the Sappony Tribe in North Carolina,encyclopedia article,American Indians; Native Americans (Indians of North America)--North Carolina; Saponi Indians--North Carolina,,,,Haliwa and/or Haliwa-Saponi,NCpedia,State Library of NC. Tar Heel Junior HIstorian.,https://www.ncpedia.org/sappony-indians,,,/node/7955,"NCpedia content has been made available by contributors for personal educational use, consistent with provisions of fair use under copyright law. For any other uses, derivatives or republication requests, please contact the individual contributors or publishers.",https://www.ncpedia.org/writing-and-citing-ncpedia-articles,text,text/html,eng,,pdf,https://www.ncpedia.org/sappony-indians,/objects/small/011_sappony_sm.jpg,/objects/thumbs/011_sappony_th.jpg
aihm003,aihm012,Waccamaw Indians,https://www.ncpedia.org/waccamaw-indians,2006,y,"DiNome, William",,An article about the Waccamaw Tribe in North Carolina,encyclopedia article,American Indians; Native Americans (Indians of North America)--North Carolina; Waccamaw-Siouan Indians--North Carolina,,,,Longtime Chief of the Waccamaw-Siouan: Priscilla Freeman Jacobs,NCpedia,State Library of NC. Tar Heel Junior HIstorian.,https://www.ncpedia.org/waccamaw-indians,,,/node/3631,"NCpedia content has been made available by contributors for personal educational use, consistent with provisions of fair use under copyright law. For any other uses, derivatives or republication requests, please contact the individual contributors or publishers.",https://www.ncpedia.org/writing-and-citing-ncpedia-articles,text,text/html,eng,,pdf,https://www.ncpedia.org/waccamaw-indians,/objects/small/012_waccamaw_sm.jpg,/objects/thumbs/012_waccamaw_th.jpg
aihm003,aihm013,Coree Indians,https://www.ncpedia.org/coree-indians,2006,y,"Green, Michael D.",,An article about the Coree Tribe in North Carolina,encyclopedia article,American Indians; Native Americans (Indians of North America)--North Carolina; Native Americans (Indians of North America)--North Carolina--History,,,,,NCpedia,State Library of NC. Tar Heel Junior HIstorian.,https://www.ncpedia.org/coree-indians,,,/node/2259,"NCpedia content has been made available by contributors for personal educational use, consistent with provisions of fair use under copyright law. For any other uses, derivatives or republication requests, please contact the individual contributors or publishers.",https://www.ncpedia.org/writing-and-citing-ncpedia-articles,text,text/html,eng,,pdf,https://www.ncpedia.org/coree-indians,/objects/small/013_coree_sm.jpg,/objects/thumbs/013_coree_th.jpg
aihm003,aihm014,Croatoan Indians,https://www.ncpedia.org/croatoan-indians,2006,y,"Evans, Phillip W.",,An article about the Croatoan tribe in North Carolina,encyclopedia article,American Indians; Croatan Indians--North Carolina; Native Americans (Indians of North America)--North Carolina; Native Americans (Indians of North America)--North Carolina--History,,,,,NCpedia,State Library of NC. Tar Heel Junior HIstorian.,https://www.ncpedia.org/croatoan-indians,,,/node/2290,"NCpedia content has been made available by contributors for personal educational use, consistent with provisions of fair use under copyright law. For any other uses, derivatives or republication requests, please contact the individual contributors or publishers.",https://www.ncpedia.org/writing-and-citing-ncpedia-articles,text,text/html,eng,,pdf,https://www.ncpedia.org/croatoan-indians,/objects/small/014_croatan_sm.jpg,/objects/thumbs/014_croatan_th.jpg
aihm003,aihm015,Eno Indians,https://www.ncpedia.org/eno-indians,2006,y,"Anderson, Jean B.",,An article about the Eno tribe in North Carolina,encyclopedia article,American Indians; Native Americans (Indians of North America)--North Carolina; Native Americans (Indians of North America)--North Carolina--History; Siouan Indians--North Carolina,,,,Shakori Indians,NCpedia,State Library of NC. Tar Heel Junior HIstorian.,https://www.ncpedia.org/eno-indians,,,/node/2418,"NCpedia content has been made available by contributors for personal educational use, consistent with provisions of fair use under copyright law. For any other uses, derivatives or republication requests, please contact the individual contributors or publishers.",https://www.ncpedia.org/writing-and-citing-ncpedia-articles,text,text/html,eng,,pdf,https://www.ncpedia.org/eno-indians,/objects/small/015_shahor_oenock_sm.jpg,/objects/thumbs/015_shahor_oenock_th.jpg
aihm003,aihm016,Keyauwee Indians,https://www.ncpedia.org/keyauwee-indians,2006,y,"Green, Michael D.",,An article about the Keyauwee tribe in North Carolina,encyclopedia article,American Indians; Native Americans (Indians of North America)--North Carolina; Native Americans (Indians of North America)--North Carolina--History,,,,Saura Indians,NCpedia,State Library of NC. Tar Heel Junior HIstorian.,https://www.ncpedia.org/keyauwee-indians,,,/node/2785,"NCpedia content has been made available by contributors for personal educational use, consistent with provisions of fair use under copyright law. For any other uses, derivatives or republication requests, please contact the individual contributors or publishers.",https://www.ncpedia.org/writing-and-citing-ncpedia-articles,text,text/html,eng,,pdf,https://www.ncpedia.org/keyauwee-indians,/objects/small/016_keeauwee_sm.jpg,/objects/thumbs/016_keeauwee_th.jpg
aihm003,aihm017,Mattamuskeet American Indian Tribe,https://www.ncpedia.org/mattamuskeet-indians,2006,y,"Spencer, Jr., R.S.; DiNome, William G.",,An article about the Mattamuskeet tribe in North Carolina,encyclopedia article,American Indians; Native Americans (Indians of North America)--North Carolina; Native Americans (Indians of North America)--North Carolina--History,,,,,NCpedia,State Library of NC. Tar Heel Junior HIstorian.,https://www.ncpedia.org/mattamuskeet-indians,,,/node/2909,"NCpedia content has been made available by contributors for personal educational use, consistent with provisions of fair use under copyright law. For any other uses, derivatives or republication requests, please contact the individual contributors or publishers.",https://www.ncpedia.org/writing-and-citing-ncpedia-articles,text,text/html,eng,,pdf,https://www.ncpedia.org/mattamuskeet-indians,/objects/small/017_mattamuskeet_sm.jpg,/objects/thumbs/017_mattamuskeet_th.jpg
aihm003,aihm018,Pamlico Indians,https://www.ncpedia.org/pamlico-indians,2006,y,"Wetmore, Ruth Y.",,An article about the Pamlico tribe in North Carolina,encyclopedia article,American Indians; Native Americans (Indians of North America)--North Carolina; Native Americans (Indians of North America)--North Carolina--History,,,,,NCpedia,State Library of NC. Tar Heel Junior HIstorian.,https://www.ncpedia.org/pamlico-indians,,,/node/3150,"NCpedia content has been made available by contributors for personal educational use, consistent with provisions of fair use under copyright law. For any other uses, derivatives or republication requests, please contact the individual contributors or publishers.",https://www.ncpedia.org/writing-and-citing-ncpedia-articles,text,text/html,eng,,pdf,https://www.ncpedia.org/pamlico-indians,/objects/small/018_pomeiock_sm.jpg,/objects/thumbs/018_pomeiock_th.jpg
aihm003,aihm019,Saura Indians,https://www.ncpedia.org/saura-indians,2006,y,"Butler, Lindley S.",,An article about the Saura tribe in North Carolina,encyclopedia article,American Indians; Native Americans (Indians of North America)--North Carolina; Native Americans (Indians of North America)--North Carolina--History; Saura Indians--North Carolina; Siouan Indians--North Carolina,,,,Keyauwee Indians,NCpedia,State Library of NC. Tar Heel Junior HIstorian.,https://www.ncpedia.org/saura-indians,,,/node/3356,"NCpedia content has been made available by contributors for personal educational use, consistent with provisions of fair use under copyright law. For any other uses, derivatives or republication requests, please contact the individual contributors or publishers.",https://www.ncpedia.org/writing-and-citing-ncpedia-articles,text,text/html,eng,,pdf,https://www.ncpedia.org/saura-indians,/objects/small/019_lower_saura_town_sm.jpg,/objects/thumbs/019_lower_saura_town_th.jpg
aihm003,aihm020,Shakori Indians,https://www.ncpedia.org/shakori-indians,2006,y,"Devine, Christine S.",,An article about the Shakori tribe in North Carolina,encyclopedia article,American Indians; Native Americans (Indians of North America)--North Carolina; Native Americans (Indians of North America)--North Carolina--History,,,,Eno Indians,NCpedia,State Library of NC. Tar Heel Junior HIstorian.,https://www.ncpedia.org/shakori-indians,,,/node/3385,"NCpedia content has been made available by contributors for personal educational use, consistent with provisions of fair use under copyright law. For any other uses, derivatives or republication requests, please contact the individual contributors or publishers.",https://www.ncpedia.org/writing-and-citing-ncpedia-articles,text,text/html,eng,,pdf,https://www.ncpedia.org/shakori-indians,/objects/small/020_shakori_sm.jpg,/objects/thumbs/020_shakori_th.jpg
aihm003,aihm021,Sissipahaw Indians,https://www.ncpedia.org/sissipahaw-indians,2006,y,"Green, Michael D.",,An article about the Sissipahaw tribe in North Carolina,encyclopedia article,American Indians; Native Americans (Indians of North America)--North Carolina; Native Americans (Indians of North America)--North Carolina--History; Siouan Indians--North Carolina,,,,,NCpedia,State Library of NC. Tar Heel Junior HIstorian.,https://www.ncpedia.org/sissipahaw-indians,,,/node/3416,"NCpedia content has been made available by contributors for personal educational use, consistent with provisions of fair use under copyright law. For any other uses, derivatives or republication requests, please contact the individual contributors or publishers.",https://www.ncpedia.org/writing-and-citing-ncpedia-articles,text,text/html,eng,,pdf,https://www.ncpedia.org/sissipahaw-indians,/objects/small/021_sissipahaw_sm.jpg,/objects/thumbs/021_sissipahaw_th.jpg
aihm003,aihm022,Tuscarora Indians,https://www.ncpedia.org/american-indians/tuscarora,2006,y,"Parramore, Thomas C.",,An article about the Tuscarora tribe in North Carolina,encyclopedia article,American Indians; Native Americans (Indians of North America)--North Carolina; Native Americans (Indians of North America)--North Carolina--History; Tuscarora Indians--North Carolina,,,,,NCpedia,State Library of NC. Tar Heel Junior HIstorian.,https://www.ncpedia.org/american-indians/tuscarora,,,/node/3585,"NCpedia content has been made available by contributors for personal educational use, consistent with provisions of fair use under copyright law. For any other uses, derivatives or republication requests, please contact the individual contributors or publishers.",https://www.ncpedia.org/writing-and-citing-ncpedia-articles,text,text/html,eng,,pdf,https://www.ncpedia.org/american-indians/tuscarora,/objects/small/022_tuscarora_sm.jpg,/objects/thumbs/022_tuscarora_th.jpg
aihm003,aihm023,Yeopim,https://www.ncpedia.org/yeopim,1998,y,"Hill, Michael",,An article about the Yeopim tribe in North Carolina,encyclopedia article,American Indians; Native Americans (Indians of North America)--North Carolina; Native Americans (Indians of North America)--North Carolina--History,,,,,NCpedia,State Library of NC. Tar Heel Junior HIstorian.,https://www.ncpedia.org/yeopim,,,/node/11782,"NCpedia content has been made available by contributors for personal educational use, consistent with provisions of fair use under copyright law. For any other uses, derivatives or republication requests, please contact the individual contributors or publishers.",https://www.ncpedia.org/writing-and-citing-ncpedia-articles,text,text/html,eng,,pdf,https://www.ncpedia.org/yeopim,/objects/small/023_yeopim_sm.jpg,/objects/thumbs/023_yeopim_th.jpg
,aihm024,Dasemunkepeuc,https://www.ncpedia.org/dasemunkepeuc,2012,y,"Wegner, Ansley Herring",,An article about the American Indian town of Dasemunkepeuc in early North Carolina,encyclopedia article,American Indians; Native Americans (Indians of North America)--North Carolina--History,,,,,NCpedia,State Library of NC. Tar Heel Junior HIstorian.,https://www.ncpedia.org/dasemunkepeuc,,,/node/7959,"NCpedia content has been made available by contributors for personal educational use, consistent with provisions of fair use under copyright law. For any other uses, derivatives or republication requests, please contact the individual contributors or publishers.",https://www.ncpedia.org/writing-and-citing-ncpedia-articles,text,text/html,eng,,pdf,https://www.ncpedia.org/dasemunkepeuc,/objects/small/024_dasemunkepeuc_sm.jpg,/objects/thumbs/024_dasemunkepeuc_th.jpg
,aihm025,Secotan,https://www.ncpedia.org/secotan,2006,y,"Powell, William S.",,An article about an early American Indian village,encyclopedia article,American Indians; Native Americans (Indians of North America)--North Carolina--History,,,,,NCpedia,State Library of NC. Tar Heel Junior HIstorian.,https://www.ncpedia.org/secotan,,,/node/3377,"NCpedia content has been made available by contributors for personal educational use, consistent with provisions of fair use under copyright law. For any other uses, derivatives or republication requests, please contact the individual contributors or publishers.",https://www.ncpedia.org/writing-and-citing-ncpedia-articles,text,text/html,eng,,pdf,https://www.ncpedia.org/secotan,/objects/small/025_secotan_sm.jpg,/objects/thumbs/025_secotan_th.jpg
,aihm026,Town Creek Indian Mound ,https://ncpedia.org/town-creek-indian-mound,2006,y,"Locklear, Alexis W.",,An article about the Town Creek burial mound in North Carolina,encyclopedia article,American Indians; Native Americans (Indians of North America)--North Carolina--Death; Native Americans (Indians of North America)--North Carolina--Social life and customs,,,,,NCpedia,State Library of NC. Tar Heel Junior HIstorian.,https://ncpedia.org/town-creek-indian-mound,,,/node/3565,"NCpedia content has been made available by contributors for personal educational use, consistent with provisions of fair use under copyright law. For any other uses, derivatives or republication requests, please contact the individual contributors or publishers.",https://www.ncpedia.org/writing-and-citing-ncpedia-articles,text,text/html,eng,,pdf,https://ncpedia.org/town-creek-indian-mound,/objects/small/026_towncreek_indian_mound_sm.jpg,/objects/thumbs/026_towncreek_indian_mound_th.jpg
,aihm027,Oconaluftee Indian Village,https://www.ncpedia.org/oconaluftee-indian-village,2006,y,"Holland, Ron",,An article about the replica Cherokee village in western North Carolina,encyclopedia article,"American Indians; Cherokee Indians--History; Cherokee Indians--North Carolina-- Social life and customs; Cherokee Indians--North Carolina--History; Oconaluftee Indian Village (Cherokee, N.C.)",,,,Cherokee Indians: multi-part article,NCpedia,State Library of NC. Tar Heel Junior HIstorian.,https://www.ncpedia.org/oconaluftee-indian-village,,,/node/3105,"NCpedia content has been made available by contributors for personal educational use, consistent with provisions of fair use under copyright law. For any other uses, derivatives or republication requests, please contact the individual contributors or publishers.",https://www.ncpedia.org/writing-and-citing-ncpedia-articles,text,text/html,eng,,pdf,https://www.ncpedia.org/oconaluftee-indian-village,/objects/small/027_oconaluftee_sm.jpg,/objects/thumbs/027_oconaluftee_th.jpg
,aihm028,Museum of the Cherokee Indian,https://www.ncpedia.org/museum-cherokee-indian,2006,y,"Anderson, William L.",,An article about the Museum of the Cherokee Indian,encyclopedia article,"American Indians; Cherokee Indians--History; Cherokee Indians--North Carolina-- Social life and customs; Cherokee Indians--North Carolina--History; Cherokee Indians--North Carolina--Museums; Native Americans (Indians of North America)--Museums; Oconaluftee Indian Village (Cherokee, N.C.)",,,,Cherokee Indians: multi-part article,NCpedia,State Library of NC. Tar Heel Junior HIstorian.,https://www.ncpedia.org/museum-cherokee-indian,,,/node/2983,"NCpedia content has been made available by contributors for personal educational use, consistent with provisions of fair use under copyright law. For any other uses, derivatives or republication requests, please contact the individual contributors or publishers.",https://www.ncpedia.org/writing-and-citing-ncpedia-articles,text,text/html,eng,,pdf,https://www.ncpedia.org/museum-cherokee-indian,/objects/small/028_museum_cherokee_sm.jpg,/objects/thumbs/028_museum_cherokee_th.jpg
,aihm029,Indian Museum of the Carolinas,https://www.ncpedia.org/indian-museum-carolinas,2006,y,"Oxendine, Linda",,An article about the Indian Museum of the Carolinas,encyclopedia article,Museums--North Carolina; Native Americans (Indians of North America)--Museums,,,,,NCpedia,State Library of NC. Tar Heel Junior HIstorian.,https://www.ncpedia.org/indian-museum-carolinas,,,/node/2726,"NCpedia content has been made available by contributors for personal educational use, consistent with provisions of fair use under copyright law. For any other uses, derivatives or republication requests, please contact the individual contributors or publishers.",https://www.ncpedia.org/writing-and-citing-ncpedia-articles,text,text/html,eng,,pdf,https://www.ncpedia.org/indian-museum-carolinas,/objects/small/029_indian_museum_sm.jpg,/objects/thumbs/029_indian_museum_th.jpg
,aihm030,Basket Making,https://www.ncpedia.org/basket-making,2006,y,"Cross, Dennis W.",,An article about the history of basket making in North Carolina,encyclopedia article,Basket making--North Carolina; Cherokee baskets; Cherokee Indians--North Carolina--Basket makers; Native Americans (Indians of North America)--Basket weaving,,,,,NCpedia,State Library of NC. Tar Heel Junior HIstorian.,https://www.ncpedia.org/basket-making,,,/node/1931,"NCpedia content has been made available by contributors for personal educational use, consistent with provisions of fair use under copyright law. For any other uses, derivatives or republication requests, please contact the individual contributors or publishers.",https://www.ncpedia.org/writing-and-citing-ncpedia-articles,text,text/html,eng,,pdf,https://www.ncpedia.org/basket-making,/objects/small/030_basketmaking_sm.jpg,/objects/thumbs/030_basketmaking_th.jpg
,aihm031,Canoes,https://www.ncpedia.org/canoes,2006,y,"Stick, David",,An article about the use and construction of canoes by American Indian tribes,encyclopedia article,American Indians; Canoes and canoeing; Native Americans (Indians of North America)--North Carolina--Social life and customs,,,,,NCpedia,State Library of NC. Tar Heel Junior HIstorian.,https://www.ncpedia.org/canoes,,,/node/2061,"NCpedia content has been made available by contributors for personal educational use, consistent with provisions of fair use under copyright law. For any other uses, derivatives or republication requests, please contact the individual contributors or publishers.",https://www.ncpedia.org/writing-and-citing-ncpedia-articles,text,text/html,eng,,pdf,https://www.ncpedia.org/canoes,/objects/small/031_canoes_sm.jpg,/objects/thumbs/031_canoes_th.jpg
,aihm032,Pine Needle Art,https://www.ncpedia.org/pine-needle-art,2006,y,"Cross, Dennis W.",,An article about the use of pine needles by North Carolina American Indian tribes in art.,encyclopedia article,American Indians; Native Americans (Indians of North America)--Basket weaving; Native Americans (Indians of North America)--North Carolina--Art; Native Americans (Indians of North America)--North Carolina--Social life and customs,,,,,NCpedia,State Library of NC. Tar Heel Junior HIstorian.,https://www.ncpedia.org/pine-needle-art,,,/node/3186,"NCpedia content has been made available by contributors for personal educational use, consistent with provisions of fair use under copyright law. For any other uses, derivatives or republication requests, please contact the individual contributors or publishers.",https://www.ncpedia.org/writing-and-citing-ncpedia-articles,text,text/html,eng,,pdf,https://www.ncpedia.org/pine-needle-art,/objects/small/032_pineneedleart_sm.jpg,/objects/thumbs/032_pineneedleart_th.jpg
,aihm033,Stickball,https://www.ncpedia.org/stickball,2006,y,"Anderson, William L.",,An article about the American Indian game of stickball,encyclopedia article,American Indians; Cherokee Indians--North Carolina--Social life and customs; Native Americans (Indians of North America)--Sports; Recreation,,,,Cherokee Indians: multi-part article,NCpedia,State Library of NC. Tar Heel Junior HIstorian.,https://www.ncpedia.org/stickball,,,/node/3489,"NCpedia content has been made available by contributors for personal educational use, consistent with provisions of fair use under copyright law. For any other uses, derivatives or republication requests, please contact the individual contributors or publishers.",https://www.ncpedia.org/writing-and-citing-ncpedia-articles,text,text/html,eng,,pdf,https://www.ncpedia.org/stickball,/objects/small/033_stickball_sm.jpg,/objects/thumbs/033_stickball_th.jpg
,aihm034,Carolina Indian Voice,https://www.ncpedia.org/carolina-indian-voice,2006,y,"Mammen, Edwin H.",,"An article about a Pembroke newspaper that referred to itself as ""the newspaper for all Indians and their friends everywhere.""",encyclopedia article,"American Indians; Lumbee Indians--North Carolina; Lumbee Indians--North Carolina--Robeson County; Newspaper publishing--North Carolina, Eastern",,,,Lumbee Indians: multi-part articles,NCpedia,State Library of NC. Tar Heel Junior HIstorian.,https://www.ncpedia.org/carolina-indian-voice,,,/node/2087,"NCpedia content has been made available by contributors for personal educational use, consistent with provisions of fair use under copyright law. For any other uses, derivatives or republication requests, please contact the individual contributors or publishers.",https://www.ncpedia.org/writing-and-citing-ncpedia-articles,text,text/html,eng,,pdf,https://www.ncpedia.org/carolina-indian-voice,/objects/small/034_carolina_indian_voice_sm.jpg,/objects/thumbs/034_carolina_indian_voice_th.jpg
,aihm035,Paint Rock,https://www.ncpedia.org/paint-rock,2009,y,"Wegner, Ansley Herring",,An article about Paint Rock in western North Carolina which features an American Indian pictograph.,encyclopedia article,American Indians; Native Americans (Indians of North America)--North Carolina--Art; Native Americans (Indians of North America)--North Carolina--Social life and customs,,,,,NCpedia,State Library of NC. Tar Heel Junior HIstorian.,https://www.ncpedia.org/paint-rock,,,/node/11771,"NCpedia content has been made available by contributors for personal educational use, consistent with provisions of fair use under copyright law. For any other uses, derivatives or republication requests, please contact the individual contributors or publishers.",https://www.ncpedia.org/writing-and-citing-ncpedia-articles,text,text/html,eng,,pdf,https://www.ncpedia.org/paint-rock,/objects/small/035_paintrock_sm.jpg,/objects/thumbs/035_paintrock_th.jpg
,aihm036,Biographies of American Indians,,,,,,,,American Indians; Biography; Native Americans (Indians of North America),,,,,,,,,,,,,,,,,compound_object,,/objects/small/036_na_biographies_sm.jpg,/objects/thumbs/036_na_biographies_th.jpg
aihm036,aihm037,Attakullakulla,https://www.ncpedia.org/biography/attakullakulla,1979,y,"Corkran, D. H.",,"An article about Cherokee diplomat, warrior, and statesman Attakullakulla",encyclopedia article,American Indians; Biography; Cherokee Indians--North Carolina--History; Native Americans (Indians of North America),,,,Cherokee Indians: multi-part article,NCpedia,State Library of NC. Tar Heel Junior HIstorian.,https://www.ncpedia.org/biography/attakullakulla,,,/node/4393,"NCpedia content has been made available by contributors for personal educational use, consistent with provisions of fair use under copyright law. For any other uses, derivatives or republication requests, please contact the individual contributors or publishers.",https://www.ncpedia.org/writing-and-citing-ncpedia-articles,text,text/html,eng,,pdf,https://www.ncpedia.org/biography/attakullakulla,/objects/small/037_attakullakulla_sm.jpg,/objects/thumbs/037_attakullakulla_th.jpg
aihm036,aihm038,Pemisapan (Wingina),https://www.ncpedia.org/biography/pemisapan,1994,y,"Johnson, F. Roy",,An article about the chieftain of the Algonquian (or Algonkin)-speaking American Indian tribe on Roanoke Island ,encyclopedia article,American Indians; Biography; Native Americans (Indians of North America),,,,,NCpedia,State Library of NC. Tar Heel Junior HIstorian.,https://www.ncpedia.org/biography/pemisapan,,,/node/1178,"NCpedia content has been made available by contributors for personal educational use, consistent with provisions of fair use under copyright law. For any other uses, derivatives or republication requests, please contact the individual contributors or publishers.",https://www.ncpedia.org/writing-and-citing-ncpedia-articles,text,text/html,eng,,pdf,https://www.ncpedia.org/biography/pemisapan,/objects/small/038_pemisapan_sm.jpg,/objects/thumbs/038_pemisapan_th.jpg
aihm036,aihm039,Charles George,https://www.ncpedia.org/george-charles,2014,y,"Agan, Kelly",,An article about a Cherokee tribe member who was also a hero of the Korean War,encyclopedia article,"American Indians; Biography; Native Americans (Indians of North America); North Carolina--History--World War, 1939-1945--Biography; Soldiers--North Carolina",,,,Cherokee Indians: multi-part article,NCpedia,State Library of NC. Tar Heel Junior HIstorian.,https://www.ncpedia.org/george-charles,,,/node/11711,"NCpedia content has been made available by contributors for personal educational use, consistent with provisions of fair use under copyright law. For any other uses, derivatives or republication requests, please contact the individual contributors or publishers.",https://www.ncpedia.org/writing-and-citing-ncpedia-articles,text,text/html,eng,,pdf,https://www.ncpedia.org/george-charles,/objects/small/039_george_charles_sm.jpg,/objects/thumbs/039_george_charles_th.jpg
aihm036,aihm040,Hagler (Arataswa or Orolaswa),https://www.ncpedia.org/biography/hagler,1988,y,"Cashion, Jerry C.",,An article about the head man of the Catawba tribe in early North Carolina,encyclopedia article,American Indians; Biography; Catawba Indians--North Carolina; Native Americans (Indians of North America),,,,Catawba Indians,NCpedia,State Library of NC. Tar Heel Junior HIstorian.,https://www.ncpedia.org/biography/hagler,,,/node/1090,"NCpedia content has been made available by contributors for personal educational use, consistent with provisions of fair use under copyright law. For any other uses, derivatives or republication requests, please contact the individual contributors or publishers.",https://www.ncpedia.org/writing-and-citing-ncpedia-articles,text,text/html,eng,,pdf,https://www.ncpedia.org/biography/hagler,/objects/small/040_hagler_sm.jpg,/objects/thumbs/040_hagler_th.jpg
aihm036,aihm041,Nimrod Jarrett Smith,https://www.ncpedia.org/biography/smith-nimrod-jarrett,,,"Wegner, Ansley Herring",,"An article about Nimrod Jarett Smith, a former chief of the Cherokee tribe",encyclopedia article,American Indians; Biography; Cherokee Indians--North Carolina--Chiefs; Cherokee Indians--North Carolina--History; Native Americans (Indians of North America),,,,Cherokee Indians: multi-part article,NCpedia,State Library of NC. Tar Heel Junior HIstorian.,https://www.ncpedia.org/biography/smith-nimrod-jarrett,,,/node/7342,"NCpedia content has been made available by contributors for personal educational use, consistent with provisions of fair use under copyright law. For any other uses, derivatives or republication requests, please contact the individual contributors or publishers.",https://www.ncpedia.org/writing-and-citing-ncpedia-articles,text,text/html,eng,,pdf,https://www.ncpedia.org/biography/smith-nimrod-jarrett,/objects/small/041_smith_nimrod_jarrett_sm.jpg,/objects/thumbs/041_smith_nimrod_jarrett_th.jpg
aihm036,aihm042,Wanchese,https://www.ncpedia.org/biography/wanchese,,,"Quinn, David B.",,An article about Wanchese and Algonquian Indian of the Roanoke tribe,encyclopedia article,American Indians; Biography; Native Americans (Indians of North America),,,,,NCpedia,State Library of NC. Tar Heel Junior HIstorian.,https://www.ncpedia.org/biography/wanchese,,,/node/1534,"NCpedia content has been made available by contributors for personal educational use, consistent with provisions of fair use under copyright law. For any other uses, derivatives or republication requests, please contact the individual contributors or publishers.",https://www.ncpedia.org/writing-and-citing-ncpedia-articles,text,text/html,eng,,pdf,https://www.ncpedia.org/biography/wanchese,/objects/small/042_wanchese_sm.jpg,/objects/thumbs/042_wanchese_th.jpg
aihm036,aihm043,(Old) Tassel,https://ncpedia.org/biography/old-tassel,2024,y,"Dease, Jared",,"An article about Cherokee Indian, Old Tassell.",encyclopedia article,American Indians; Biography; Cherokee Indians--North Carolina--History; Native Americans (Indians of North America),,,,Cherokee Indians: multi-part article,NCpedia,State Library of NC. Tar Heel Junior HIstorian.,https://ncpedia.org/biography/old-tassel,,,/node/26132,"NCpedia content has been made available by contributors for personal educational use, consistent with provisions of fair use under copyright law. For any other uses, derivatives or republication requests, please contact the individual contributors or publishers.",https://www.ncpedia.org/writing-and-citing-ncpedia-articles,text,text/html,eng,,pdf,https://ncpedia.org/biography/old-tassel,/objects/small/043_tassel_sm.jpg,/objects/thumbs/043_tassel_th.jpg
aihm036,aihm044,Manteo,https://www.ncpedia.org/biography/manteo,,,"Quinn, David B.",,"An article about Algonquian Indian, Manteo from the Croatan tribe",encyclopedia article,American Indians; Biography; Native Americans (Indians of North America),,,,,NCpedia,State Library of NC. Tar Heel Junior HIstorian.,https://www.ncpedia.org/biography/manteo,,,/node/923,"NCpedia content has been made available by contributors for personal educational use, consistent with provisions of fair use under copyright law. For any other uses, derivatives or republication requests, please contact the individual contributors or publishers.",https://www.ncpedia.org/writing-and-citing-ncpedia-articles,text,text/html,eng,,pdf,https://www.ncpedia.org/biography/manteo,/objects/small/044_manteo_sm.jpg,/objects/thumbs/044_manteo_th.jpg
aihm036,aihm045,Menatonon,https://www.ncpedia.org/biography/menatonon,,,"Johnson, F. Roy",,"An article about Menatonon, tribal leader of the Chowanoc Indians",encyclopedia article,American Indians; Biography; Chowanoc Indians; Native Americans (Indians of North America),,,,,NCpedia,State Library of NC. Tar Heel Junior HIstorian.,https://www.ncpedia.org/biography/menatonon,,,/node/1171,"NCpedia content has been made available by contributors for personal educational use, consistent with provisions of fair use under copyright law. For any other uses, derivatives or republication requests, please contact the individual contributors or publishers.",https://www.ncpedia.org/writing-and-citing-ncpedia-articles,text,text/html,eng,,pdf,https://www.ncpedia.org/biography/menatonon,/objects/small/045_menatonon_sm.jpg,/objects/thumbs/045_menatonon_th.jpg
aihm036,aihm046,Sequoyah,https://www.ncpedia.org/biography/sequoyah,,,"Folmsbee, Stanley J.",,"An article about Sequoyah, the inventor of the Cherokee syllabary",encyclopedia article,"American Indians; Biography; Cherokee Indians--North Carolina--History; Cherokee Indians--North Carolina--Language, Writing; Native Americans (Indians of North America)",,,,Cherokee Indians: multi-part article,NCpedia,State Library of NC. Tar Heel Junior HIstorian.,https://www.ncpedia.org/biography/sequoyah,,,/node/1180,"NCpedia content has been made available by contributors for personal educational use, consistent with provisions of fair use under copyright law. For any other uses, derivatives or republication requests, please contact the individual contributors or publishers.",https://www.ncpedia.org/writing-and-citing-ncpedia-articles,text,text/html,eng,,pdf,https://www.ncpedia.org/biography/sequoyah,/objects/small/046_sequoyah_sm.jpg,/objects/thumbs/046_sequoyah_th.jpg
,aihm047,Terry Shinn: High Rock,https://www.ncpedia.org/listening-to-history/shinn-terry,2006,y,"Cecelski, David ",,An interview with Terry Shinn who shares a story he was told about the removal of the Cherokee from western North Carolina,encyclopedia article,American Indians; Native Americans (Indians of North American)--North Carolina--Folklore; Native Americans (Indians of North America)--North Carolina--History; Native Americans (Indians of North America)--North Carolina--Social life and customs,,,,North Carolina Native American legends & folklore : the first Americans!,NCpedia,State Library of NC. Tar Heel Junior HIstorian.,https://www.ncpedia.org/listening-to-history/shinn-terry,,,/node/11937,"NCpedia content has been made available by contributors for personal educational use, consistent with provisions of fair use under copyright law. For any other uses, derivatives or republication requests, please contact the individual contributors or publishers.",https://www.ncpedia.org/writing-and-citing-ncpedia-articles,text,text/html,eng,,pdf,https://www.ncpedia.org/listening-to-history/shinn-terry,/objects/small/047_terryshinn_sm.jpg,/objects/thumbs/047_terryshinn_th.jpg
,aihm048,North Carolina Native American legends & folklore : the first Americans!,https://digital.ncdcr.gov/Documents/Detail/north-carolina-native-american-legends-folklore-the-first-americans/502034?item=633749,2007,y,North Carolina Learning Institute For Fitness and Education.,,A book with an overview of North Carolina American Indians and includes legends and folklore of different NC American Indian tribes,book,Native Americans (Indians of North American)--North Carolina--Folklore; Native Americans (Indians of North America)--North Carolina--History; Native Americans (Indians of North America)--North Carolina--Social life and customs,,,,"Legends and Myths: The ""Three Sisters""",State Library of North Carolina,Allosaurus Publishers,https://digital.ncdcr.gov/Documents/Detail/north-carolina-native-american-legends-folklore-the-first-americans/502034?item=633749,,,gen_spc_ncnativeamerican_2007.pdf,"Users are responsible for determining the legal status of and securing any permissions necessary to distribute, reproduce, or make other use of this item.",https://digital.ncdcr.gov/about#copyright-and-use-restrictions-simple-rich-text-area,text,application/pdf,eng,,pdf,https://digital.ncdcr.gov/Documents/Detail/north-carolina-native-american-legends-folklore-the-first-americans/502034?item=633749,/objects/small/048_na_folklore_sm.jpg,/objects/thumbs/048_na_folklore_th.jpg
,aihm049,"Perdue, Bev. Press Release, 2011-11-15, N.C. Commission of Indian Affairs Marks 40 Years of Service",https://digital.ncdcr.gov/Documents/Detail/perdue-bev.-press-release-2011-11-15-n.c.-commission-of-indian-affairs-marks-40-years-of-service/4575594?item=4575606,2011-11-15,n,"Perdue, Bev",,A press release about the 40 years of service of the NC Commission of Indian Affairs,press release,"Governors--North Carolina; Perdue, Bev, 1947-; Press releases--North Carolina",,,,The N.C. Commission of Indian Affairs,State Library of North Carolina,North Carolina. Office of the Governor.,https://digital.ncdcr.gov/Documents/Detail/perdue-bev.-press-release-2011-11-15-n.c.-commission-of-indian-affairs-marks-40-years-of-service/4575594?item=4575606,,,0866_2011_11-November_Indian_Affairs_Commission_40_Years,This item is provided courtesy of the State Archives of North Carolina and is a public record according to G.S.132.,https://digital.ncdcr.gov/about#copyright-and-use-restrictions-simple-rich-text-area,text,application/pdf,eng,,pdf,https://digital.ncdcr.gov/Documents/Detail/perdue-bev.-press-release-2011-11-15-n.c.-commission-of-indian-affairs-marks-40-years-of-service/4575594?item=4575606,/objects/small/049_perdue_pressrelease_sm.jpg,/objects/thumbs/049_perdue_pressrelease_th.jpg
,aihm050,First immigrants: Native American settlement of North Carolina,https://digital.ncdcr.gov/Documents/Detail/tar-heel-junior-historian-1995-spring-v.34-no.2/3700410?item=5368637,1995,n,"Claggett, Stephen R.",,An article on American Indians settling in North Carolina published in Tarheel Junior Historian,article,"North Carolina--History--Periodicals; North Carolina--History--Societies, etc.--Periodicals",,,,American Indians: multi-part article,State Library of North Carolina,North Carolina Museum of History. Tar Heel Junior Historian Association.,https://digital.ncdcr.gov/Documents/Detail/tar-heel-junior-historian-1995-spring-v.34-no.2/3700410?item=5368637,,,pubs_serial_6740319_tar1995v34n2,"Users are responsible for determining the legal status of and securing any permissions necessary to distribute, reproduce, or make other use of this item.",https://digital.ncdcr.gov/about#copyright-and-use-restrictions-simple-rich-text-area,text,application/pdf,eng,,pdf,https://digital.ncdcr.gov/Documents/Detail/tar-heel-junior-historian-1995-spring-v.34-no.2/3700410?item=5368637,/objects/small/050_na_settlement_sm.jpg,/objects/thumbs/050_na_settlement_th.jpg
,aihm051,The First People of North Carolina,https://digital.ncdcr.gov/Documents/Detail/tar-heel-junior-historian-2005-fall-v.45-no.1/3700439?item=5369580,2005,n,"Porter, Dr. Joseph C.",,An article about the American Indians in North Carolina,article,"North Carolina--History--Periodicals; North Carolina--History--Societies, etc.--Periodicals",,,,American Indians: multi-part article,State Library of North Carolina,North Carolina Museum of History. Tar Heel Junior Historian Association.,https://digital.ncdcr.gov/Documents/Detail/tar-heel-junior-historian-2005-fall-v.45-no.1/3700439?item=5369580,,,pubs_serial_6740319_tar2005v45n1,"Users are responsible for determining the legal status of and securing any permissions necessary to distribute, reproduce, or make other use of this item.",https://digital.ncdcr.gov/about#copyright-and-use-restrictions-simple-rich-text-area,text,application/pdf,eng,,pdf,https://digital.ncdcr.gov/Documents/Detail/tar-heel-junior-historian-2005-fall-v.45-no.1/3700439?item=5369580,/objects/small/051_firstpeople_nc_sm.jpg,/objects/thumbs/051_firstpeople_nc_th.jpg
,aihm052,A Look at the Cherokee Language,https://digital.ncdcr.gov/Documents/Detail/tar-heel-junior-historian-2005-fall-v.45-no.1/3700439?item=5369593,2005,n,"Frey, Ben",,An article about the Cherokee language,article,"North Carolina--History--Periodicals; North Carolina--History--Societies, etc.--Periodicals",,,,Sequoyah,State Library of North Carolina,North Carolina. Office of the Governor.,https://digital.ncdcr.gov/Documents/Detail/tar-heel-junior-historian-2005-fall-v.45-no.1/3700439?item=5369593,,,pubs_serial_6740319_tar2005v45n1,"Users are responsible for determining the legal status of and securing any permissions necessary to distribute, reproduce, or make other use of this item.",https://digital.ncdcr.gov/about#copyright-and-use-restrictions-simple-rich-text-area,text,application/pdf,eng,,pdf,https://digital.ncdcr.gov/Documents/Detail/tar-heel-junior-historian-2005-fall-v.45-no.1/3700439?item=5369593,/objects/small/052_cherokee_language_sm.jpg,/objects/thumbs/052_cherokee_language_th.jpg
,aihm053,Laying the Foundation: American Indian Education in North Carolina,https://digital.ncdcr.gov/Documents/Detail/tar-heel-junior-historian-2005-fall-v.45-no.1/3700439?item=5369605,2005,n,"Currie, II, Jefferson",,An article about American Indian education in North Carolina,article,"North Carolina--History--Periodicals; North Carolina--History--Societies, etc.--Periodicals",,,,,State Library of North Carolina,North Carolina Museum of History. Tar Heel Junior Historian Association.,https://digital.ncdcr.gov/Documents/Detail/tar-heel-junior-historian-2005-fall-v.45-no.1/3700439?item=5369605,,,pubs_serial_6740319_tar2005v45n1,"Users are responsible for determining the legal status of and securing any permissions necessary to distribute, reproduce, or make other use of this item.",https://digital.ncdcr.gov/about#copyright-and-use-restrictions-simple-rich-text-area,text,application/pdf,eng,,pdf,https://digital.ncdcr.gov/Documents/Detail/tar-heel-junior-historian-2005-fall-v.45-no.1/3700439?item=5369605,/objects/small/053_americanindian_education_sm.jpg,/objects/thumbs/053_americanindian_education_th.jpg
aihm003,aihm054,The Occaneechi People: Experiencing a Cultural Renaissance,https://digital.ncdcr.gov/Documents/Detail/tar-heel-junior-historian-2005-fall-v.45-no.1/3700439?item=5369610,2005,n,"Hazel, Forest",,An article about the Occaneechi Tribe in North Carolina.,article,"North Carolina--History--Periodicals; North Carolina--History--Societies, etc.--Periodicals",,,,Occaneechi Indians,State Library of North Carolina,North Carolina Museum of History. Tar Heel Junior Historian Association.,https://digital.ncdcr.gov/Documents/Detail/tar-heel-junior-historian-2005-fall-v.45-no.1/3700439?item=5369610,,,pubs_serial_6740319_tar2005v45n1,"Users are responsible for determining the legal status of and securing any permissions necessary to distribute, reproduce, or make other use of this item.",https://digital.ncdcr.gov/about#copyright-and-use-restrictions-simple-rich-text-area,text,application/pdf,eng,,pdf,https://digital.ncdcr.gov/Documents/Detail/tar-heel-junior-historian-2005-fall-v.45-no.1/3700439?item=5369610,/objects/small/054_occaneechi_sm.jpg,/objects/thumbs/054_occaneechi_th.jpg
,aihm055,Communities of Faith: American Indian Churches in Eastern North Carolina,https://digital.ncdcr.gov/Documents/Detail/tar-heel-junior-historian-2005-fall-v.45-no.1/3700439?item=5369614,2005,n,"Oakley, Christopher Arris",,An article about American Indian churches in eastern North Carolina,article,"North Carolina--History--Periodicals; North Carolina--History--Societies, etc.--Periodicals",,,,Burnt Swamp Baptist Association,State Library of North Carolina,North Carolina Museum of History. Tar Heel Junior Historian Association.,https://digital.ncdcr.gov/Documents/Detail/tar-heel-junior-historian-2005-fall-v.45-no.1/3700439?item=5369614,,,pubs_serial_6740319_tar2005v45n1,"Users are responsible for determining the legal status of and securing any permissions necessary to distribute, reproduce, or make other use of this item.",https://digital.ncdcr.gov/about#copyright-and-use-restrictions-simple-rich-text-area,text,application/pdf,eng,,pdf,https://digital.ncdcr.gov/Documents/Detail/tar-heel-junior-historian-2005-fall-v.45-no.1/3700439?item=5369614,/objects/small/055_communities_faith_sm.jpg,/objects/thumbs/055_communities_faith_th.jpg
,aihm056,The N.C. Commission of Indian Affairs,https://digital.ncdcr.gov/Documents/Detail/tar-heel-junior-historian-2005-fall-v.45-no.1/3700439?item=5369622,2005,n,"Richardson, Gregory A.",,An article about the NC Commission of Indian Affairs,article,"North Carolina--History--Periodicals; North Carolina--History--Societies, etc.--Periodicals",,,,"Perdue, Bev. Press Release, 2011-11-15, N.C. Commission of Indian Affairs Marks 40 Years of Service",State Library of North Carolina,Allosaurus Publishers,https://digital.ncdcr.gov/Documents/Detail/tar-heel-junior-historian-2005-fall-v.45-no.1/3700439?item=5369622,,,pubs_serial_6740319_tar2005v45n1,"Users are responsible for determining the legal status of and securing any permissions necessary to distribute, reproduce, or make other use of this item.",https://digital.ncdcr.gov/about#copyright-and-use-restrictions-simple-rich-text-area,text,application/pdf,eng,,pdf,https://digital.ncdcr.gov/Documents/Detail/tar-heel-junior-historian-2005-fall-v.45-no.1/3700439?item=5369622,/objects/small/056_nc_commission_indians_sm.jpg,/objects/thumbs/056_nc_commission_indians_th.jpg
,aihm057,On the 'Trail of Tears',https://digital.ncdcr.gov/Documents/Detail/tar-heel-junior-historian-2005-fall-v.45-no.1/3700439?item=5369617,2005,n,"Chandler, Samantha",,An student article imagining being on the Trail of Tears,article,"North Carolina--History--Periodicals; North Carolina--History--Societies, etc.--Periodicals",,,,,State Library of North Carolina,North Carolina. Office of the Governor.,https://digital.ncdcr.gov/Documents/Detail/tar-heel-junior-historian-2005-fall-v.45-no.1/3700439?item=5369617,,,pubs_serial_6740319_tar2005v45n1,"Users are responsible for determining the legal status of and securing any permissions necessary to distribute, reproduce, or make other use of this item.",https://digital.ncdcr.gov/about#copyright-and-use-restrictions-simple-rich-text-area,text,application/pdf,eng,,pdf,https://digital.ncdcr.gov/Documents/Detail/tar-heel-junior-historian-2005-fall-v.45-no.1/3700439?item=5369617,/objects/small/057_trail_of_tears_sm.jpg,/objects/thumbs/057_trail_of_tears_th.jpg
,aihm058,"Legends and Myths: The ""Three Sisters""",https://digital.ncdcr.gov/Documents/Detail/tar-heel-junior-historian-2005-fall-v.45-no.1/3700439?item=5369625,2005,n,"Wilson, Sheila",,An article about the American Indian legend of the Three Sisters,article,"North Carolina--History--Periodicals; North Carolina--History--Societies, etc.--Periodicals",,,,Terry Shinn: High Rock,State Library of North Carolina,North Carolina Museum of History. Tar Heel Junior Historian Association.,https://digital.ncdcr.gov/Documents/Detail/tar-heel-junior-historian-2005-fall-v.45-no.1/3700439?item=5369625,,,pubs_serial_6740319_tar2005v45n1,"Users are responsible for determining the legal status of and securing any permissions necessary to distribute, reproduce, or make other use of this item.",https://digital.ncdcr.gov/about#copyright-and-use-restrictions-simple-rich-text-area,text,application/pdf,eng,,pdf,https://digital.ncdcr.gov/Documents/Detail/tar-heel-junior-historian-2005-fall-v.45-no.1/3700439?item=5369625,/objects/small/058_legends_myths_sm.jpg,/objects/thumbs/058_legends_myths_th.jpg
,aihm059,North Carolina's American Indians in World War II,https://digital.ncdcr.gov/Documents/Detail/tar-heel-junior-historian-2005-fall-v.45-no.1/3700439?item=5369636,2005,n,"La Vere, Dr. David",,An article about Americna Indians who fought in World War II,article,"North Carolina--History--Periodicals; North Carolina--History--Societies, etc.--Periodicals",,,,Charles George,State Library of North Carolina,North Carolina Museum of History. Tar Heel Junior Historian Association.,https://digital.ncdcr.gov/Documents/Detail/tar-heel-junior-historian-2005-fall-v.45-no.1/3700439?item=5369636,,,pubs_serial_6740319_tar2005v45n1,"Users are responsible for determining the legal status of and securing any permissions necessary to distribute, reproduce, or make other use of this item.",https://digital.ncdcr.gov/about#copyright-and-use-restrictions-simple-rich-text-area,text,application/pdf,eng,,pdf,https://digital.ncdcr.gov/Documents/Detail/tar-heel-junior-historian-2005-fall-v.45-no.1/3700439?item=5369636,/objects/small/059_americanindians_wwii_sm.jpg,/objects/thumbs/059_americanindians_wwii_th.jpg
aihm036,aihm060,Longtime Chief of the Waccamaw-Siouan: Priscilla Freeman Jacobs,https://digital.ncdcr.gov/Documents/Detail/tar-heel-junior-historian-2005-fall-v.45-no.1/3700439?item=5369635,2005,n,"Lerch, Dr. Patricia B.",,An article about the longtime Waccamaw-Siouan chief Priscilla Freeman Jacobs,article,"North Carolina--History--Periodicals; North Carolina--History--Societies, etc.--Periodicals",,,,Waccamaw Indians,State Library of North Carolina,North Carolina. Office of the Governor.,https://digital.ncdcr.gov/Documents/Detail/tar-heel-junior-historian-2005-fall-v.45-no.1/3700439?item=5369635,,,pubs_serial_6740319_tar2005v45n1,"Users are responsible for determining the legal status of and securing any permissions necessary to distribute, reproduce, or make other use of this item.",https://digital.ncdcr.gov/about#copyright-and-use-restrictions-simple-rich-text-area,text,application/pdf,eng,,pdf,https://digital.ncdcr.gov/Documents/Detail/tar-heel-junior-historian-2005-fall-v.45-no.1/3700439?item=5369635,/objects/small/060_priscilla_jacobs_sm.jpg,/objects/thumbs/060_priscilla_jacobs_th.jpg
,aihm061,Indian Cabinetmakers in Piedmont North Carolina,https://digital.ncdcr.gov/Documents/Detail/tar-heel-junior-historian-2005-fall-v.45-no.1/3700439?item=5369640,2005,n,"Marshall, Patricia Phillips",,An article bout Americna Indian cabinetmakers in Piedmont North Carolina,article,"North Carolina--History--Periodicals; North Carolina--History--Societies, etc.--Periodicals",,,,,State Library of North Carolina,North Carolina Museum of History. Tar Heel Junior Historian Association.,https://digital.ncdcr.gov/Documents/Detail/tar-heel-junior-historian-2005-fall-v.45-no.1/3700439?item=5369640,,,pubs_serial_6740319_tar2005v45n1,"Users are responsible for determining the legal status of and securing any permissions necessary to distribute, reproduce, or make other use of this item.",https://digital.ncdcr.gov/about#copyright-and-use-restrictions-simple-rich-text-area,text,application/pdf,eng,,pdf,https://digital.ncdcr.gov/Documents/Detail/tar-heel-junior-historian-2005-fall-v.45-no.1/3700439?item=5369640,/objects/small/061_americanindian_cabinetmakers_sm.jpg,/objects/thumbs/061_americanindian_cabinetmakers_th.jpg
,aihm062,Inside the Contemporary Powwow,https://digital.ncdcr.gov/Documents/Detail/tar-heel-junior-historian-2005-fall-v.45-no.1/3700439?item=5369645,2005,n,"Richardson, Marvin ""Marty""",,An article about modern day American Indian Powwows,article,"North Carolina--History--Periodicals; North Carolina--History--Societies, etc.--Periodicals",,,,Proclamation of the 51st anniversary of the Haliwa-Saponi Pow-wow,State Library of North Carolina,North Carolina Museum of History. Tar Heel Junior Historian Association.,https://digital.ncdcr.gov/Documents/Detail/tar-heel-junior-historian-2005-fall-v.45-no.1/3700439?item=5369645,,,pubs_serial_6740319_tar2005v45n1,"Users are responsible for determining the legal status of and securing any permissions necessary to distribute, reproduce, or make other use of this item.",https://digital.ncdcr.gov/about#copyright-and-use-restrictions-simple-rich-text-area,text,application/pdf,eng,,pdf,https://digital.ncdcr.gov/Documents/Detail/tar-heel-junior-historian-2005-fall-v.45-no.1/3700439?item=5369645,/objects/small/062_contemporary_powwow_sm.jpg,/objects/thumbs/062_contemporary_powwow_th.jpg
,aihm063,Proclamation of American Indian Heritage Month by Pat McCrory,https://digital.ncdcr.gov/Documents/Detail/mccrory-pat.-proclamation-american-indian-heritage-month-november-2016/4754908,2016,n,"McCrory, Pat",,Governor's proclamation for November as American Indian Heritage Month,proclamation,"Governors--North Carolina; McCrory, Pat, 1956-; Proclamations--North Carolina",,,,,State Library of North Carolina,North Carolina. Office of the Governor.,https://digital.ncdcr.gov/Documents/Detail/mccrory-pat.-proclamation-american-indian-heritage-month-november-2016/4754908,,,GP_McCrory_Pro_20161101_004,"Users are responsible for determining the legal status of and securing any permissions necessary to distribute, reproduce, or make other use of this item.",https://digital.ncdcr.gov/about#copyright-and-use-restrictions-simple-rich-text-area,text,application/pdf,eng,,pdf,https://digital.ncdcr.gov/Documents/Detail/mccrory-pat.-proclamation-american-indian-heritage-month-november-2016/4754908,/objects/small/063_proclamation_aihm_sm.jpg,/objects/thumbs/063_proclamation_aihm_th.jpg
,aihm064,Proclamation of the 51st anniversary of the Haliwa-Saponi Pow-wow,https://digital.ncdcr.gov/Documents/Detail/mccrory-pat.-proclamation-51st-anniversary-celebration-of-the-haliwa-saponi-pow-wow-april-15-17-2016/4754053,2016-04,n,"McCrory, Pat",,Governor's proclamation of the 51st anniversary celebration of the Haliwa-Saponi Pow-wow,proclamation,"Governors--North Carolina; McCrory, Pat, 1956-; Proclamations--North Carolina",,,,Haliwa and/or Haliwa-Saponi,State Library of North Carolina,North Carolina. Office of the Governor.,https://digital.ncdcr.gov/Documents/Detail/mccrory-pat.-proclamation-51st-anniversary-celebration-of-the-haliwa-saponi-pow-wow-april-15-17-2016/4754053,,,GP_McCrory_Pro_20160415_001,"Users are responsible for determining the legal status of and securing any permissions necessary to distribute, reproduce, or make other use of this item.",https://digital.ncdcr.gov/about#copyright-and-use-restrictions-simple-rich-text-area,text,application/pdf,eng,,pdf,https://digital.ncdcr.gov/Documents/Detail/mccrory-pat.-proclamation-51st-anniversary-celebration-of-the-haliwa-saponi-pow-wow-april-15-17-2016/4754053,/objects/small/064_proclamation_halsap_powwow_sm.jpg,/objects/thumbs/064_proclamation_halsap_powwow_th.jpg
,aihm065,Annual report of the North Carolina Commission of Indian Affairs,https://digital.ncdcr.gov/Documents/Detail/annual-report-of-the-north-carolina-commission-of-indian-affairs-2020-2021/5679902?item=5680647,2021,n,North Carolina Commission of Indian Affairs,,The 2020-2021 annual report of the NC Commission of Indian Affairs,report,Native Americans (Indians of North American)--North Carolina--Periodicals; North Carolina Commission of Indian Affairs--Periodicals,,,,The N.C. Commission of Indian Affairs,State Library of North Carolina,North Carolina Commission of Indian Affairs,https://digital.ncdcr.gov/Documents/Detail/annual-report-of-the-north-carolina-commission-of-indian-affairs-2020-2021/5679902?item=5680647,,,pubs_serial_23123636_annual20202021,"Users are responsible for determining the legal status of and securing any permissions necessary to distribute, reproduce, or make other use of this item.",https://digital.ncdcr.gov/about#copyright-and-use-restrictions-simple-rich-text-area,text,application/pdf,eng,,pdf,https://digital.ncdcr.gov/Documents/Detail/annual-report-of-the-north-carolina-commission-of-indian-affairs-2020-2021/5679902?item=5680647,/objects/small/065_annual_report_aihc_sm.jpg,/objects/thumbs/065_annual_report_aihc_th.jpg
,aihm066,North Carolina's First People,https://digital.ncdcr.gov/Documents/Detail/north-carolinas-first-people/3689103?item=4486566,2017-05,n,North Carolina Commission of Indian Affairs,,A brochure about American Indians of North Carolina,article,Native Americans (Indians of North America)--North Carolina--Directories; Native Americans (Indians of North America)--North Carolina--History,,,,The First People of North Carolina,State Library of North Carolina,North Carolina Commission of Indian Affairs,https://digital.ncdcr.gov/Documents/Detail/north-carolinas-first-people/3689103?item=4486566,,,pubs_1019425644_ncfirst201705,"Users are responsible for determining the legal status of and securing any permissions necessary to distribute, reproduce, or make other use of this item.",https://digital.ncdcr.gov/about#copyright-and-use-restrictions-simple-rich-text-area,text,application/pdf,eng,,pdf,https://digital.ncdcr.gov/Documents/Detail/north-carolinas-first-people/3689103?item=4486566,/objects/small/066_nc_first_people_sm.jpg,/objects/thumbs/066_nc_first_people_th.jpg
,aihm067,House Study Committee to Preserve the Culture & Customs of Indian Children,https://digital.ncdcr.gov/Documents/Detail/house-study-committee-to-preserve-the-culture-customs-of-indian-children-report-to-the-2010-regular-session-of-the-2009-general-assembly-of-north-carolina./3374961?item=3379560,2010-04-23,n,North Carolina General Assembly,,A committee report about preserving customs and culture of American Indian tribes among American Indian children,report,Indigenous children--North Carolina--Social life and customs; Native Americans (Indians of North America)--North Carolina; Native Americans (Indians of North America)--North Carolina--Social life and customs,,,,,State Library of North Carolina,North Carolina General Assembly,https://digital.ncdcr.gov/Documents/Detail/house-study-committee-to-preserve-the-culture-customs-of-indian-children-report-to-the-2010-regular-session-of-the-2009-general-assembly-of-north-carolina./3374961?item=3379560,,,pubs_hscpreserveculturecustomsindianchildren20100423,"Users are responsible for determining the legal status of and securing any permissions necessary to distribute, reproduce, or make other use of this item.",https://digital.ncdcr.gov/about#copyright-and-use-restrictions-simple-rich-text-area,text,application/pdf,eng,,pdf,https://digital.ncdcr.gov/Documents/Detail/house-study-committee-to-preserve-the-culture-customs-of-indian-children-report-to-the-2010-regular-session-of-the-2009-general-assembly-of-north-carolina./3374961?item=3379560,/objects/small/067_house_study_preserve_sm.jpg,/objects/thumbs/067_house_study_preserve_th.jpg
,aihm068,Discovering what Native North Carolinians ate,https://digital.ncdcr.gov/Documents/Detail/tar-heel-junior-historian-2007-spring-v.46-no.2/3700448?item=5369739,2007,n,"Samford, Patrici M.",,An article about Native American food,article,"North Carolina--History--Periodicals; North Carolina--History--Societies, etc.--Periodicals",,,,,State Library of North Carolina,North Carolina Museum of History. Tar Heel Junior Historian Association.,https://digital.ncdcr.gov/Documents/Detail/tar-heel-junior-historian-2007-spring-v.46-no.2/3700448?item=5369739,,,pubs_serial_6740319_tar2007v46n2,"Users are responsible for determining the legal status of and securing any permissions necessary to distribute, reproduce, or make other use of this item.",https://digital.ncdcr.gov/about#copyright-and-use-restrictions-simple-rich-text-area,text,application/pdf,eng,,pdf,https://digital.ncdcr.gov/Documents/Detail/tar-heel-junior-historian-2007-spring-v.46-no.2/3700448?item=5369739,/objects/small/068_nativeamerican_food_sm.jpg,/objects/thumbs/068_nativeamerican_food_th.jpg
,aihm069,Earliest American Explorers: Adventure and Survival,https://digital.ncdcr.gov/Documents/Detail/tar-heel-junior-historian-2007-fall-v.47-no.1/3700447?item=5370061,2007,n,"Kincheloe, III, John W.",,An article about how American Indians to North America and North Carolina,article,"North Carolina--History--Periodicals; North Carolina--History--Societies, etc.--Periodicals",,,,,State Library of North Carolina,North Carolina Museum of History. Tar Heel Junior Historian Association.,https://digital.ncdcr.gov/Documents/Detail/tar-heel-junior-historian-2007-fall-v.47-no.1/3700447?item=5370061,,,pubs_serial_6740319_tar2007v47n1,"Users are responsible for determining the legal status of and securing any permissions necessary to distribute, reproduce, or make other use of this item.",https://digital.ncdcr.gov/about#copyright-and-use-restrictions-simple-rich-text-area,text,application/pdf,eng,,pdf,https://digital.ncdcr.gov/Documents/Detail/tar-heel-junior-historian-2007-fall-v.47-no.1/3700447?item=5370061,/objects/small/069_early_explorers_sm.jpg,/objects/thumbs/069_early_explorers_th.jpg
,aihm070,American Indian Storytelling,https://digital.ncdcr.gov/Documents/Detail/tar-heel-junior-historian-2002-spring-v.41-no.2/3700434?item=5369276,2002,n,"Currie, II, Jefferson",,An article about the purpose of Americn Indian stories and the importance of storytelling in American Indian culture,article,"North Carolina--History--Periodicals; North Carolina--History--Societies, etc.--Periodicals",,,,Terry Shinn: High Rock,State Library of North Carolina,North Carolina Museum of History. Tar Heel Junior Historian Association.,https://digital.ncdcr.gov/Documents/Detail/tar-heel-junior-historian-2002-spring-v.41-no.2/3700434?item=5369276,,,pubs_serial_6740319_tar2002v41n2,"Users are responsible for determining the legal status of and securing any permissions necessary to distribute, reproduce, or make other use of this item.",https://digital.ncdcr.gov/about#copyright-and-use-restrictions-simple-rich-text-area,text,application/pdf,eng,,pdf,https://digital.ncdcr.gov/Documents/Detail/tar-heel-junior-historian-2002-spring-v.41-no.2/3700434?item=5369276,/objects/small/070_ai_storytelling_sm.jpg,/objects/thumbs/070_ai_storytelling_th.jpg
,aihm071,State Advisory Council on Indian Education. Equitable and Intentional Practices: The Healing Power of American Indian Education,https://digital.ncdcr.gov/Documents/Detail/state-advisory-council-on-indian-education-...-report-to-the-north-carolina-state-board-of-education-2022-april/709451?item=729108,2022-04,n,State Advisory Council on Indian Education (N.C.),,A report to the NC State Board of Education about American Indian student performance.,report,Education and state--North Carolina--Periodicals; Indigenous peoples--Education--North Carolina--Statistics; State Advisory Council on Indian Education (N.C.)--Periodicals,,,,"State Advisory Council on Indian Education: Our Children, Our Data, Our Legacy",State Library of North Carolina,North Carolina State Board of Education,https://digital.ncdcr.gov/Documents/Detail/state-advisory-council-on-indian-education-...-report-to-the-north-carolina-state-board-of-education-2022-april/709451?item=729108,,,pubs_serial_707728560_report202204,"Users are responsible for determining the legal status of and securing any permissions necessary to distribute, reproduce, or make other use of this item.",https://digital.ncdcr.gov/about#copyright-and-use-restrictions-simple-rich-text-area,text,application/pdf,eng,,pdf,https://digital.ncdcr.gov/Documents/Detail/state-advisory-council-on-indian-education-...-report-to-the-north-carolina-state-board-of-education-2022-april/709451?item=729108,/objects/small/071_advisorycouncil_indianeducation_sm.jpg,/objects/thumbs/071_advisorycouncil_indianeducation_th.jpg
,aihm072,Cherokee men,https://digital.ncdcr.gov/Documents/Detail/cherokee-men./345606,1948-06,n,"Hemmer, John H.",,Horseback Riding Little Switzerland/ Cherokee Indians Cherokee- Swain June 1948 Taken by Hemmer,photograph,Cherokee Indians; Native Americans (Indians of North America); North Carolina,,,,Cherokee Indians: multi-part article,State Library of North Carolina,Travel Information Division. Conservation and Development Records. State Archives of North Carolina,https://digital.ncdcr.gov/Documents/Detail/cherokee-men./345606,,,ConDev6964C,"Users are responsible for determining the legal status of and securing any permissions necessary to distribute, reproduce, or make other use of this item.",https://digital.ncdcr.gov/about#copyright-and-use-restrictions-simple-rich-text-area,text; image,image/jpeg,eng,,image,https://digital.ncdcr.gov/Documents/Detail/cherokee-men./345606,/objects/small/072_cherokee_man_sm.jpg,/objects/thumbs/072_cherokee_man_th.jpg
,aihm073,Cherokee woman,https://digital.ncdcr.gov/Documents/Detail/cherokee-woman./344312,1947-03,n,"Sharpe, Bill (William Pleasants)",,Cherokee Woman/ Lloyd's Motor court Cherokee,photograph,Cherokee Indians; Native Americans (Indians of North America); North Carolina; Women,,,,Cherokee Indians: multi-part article,State Library of North Carolina,Travel Information Division. Conservation and Development Records. State Archives of North Carolina,https://digital.ncdcr.gov/Documents/Detail/cherokee-woman./344312,,,ConDev6144A,"Users are responsible for determining the legal status of and securing any permissions necessary to distribute, reproduce, or make other use of this item.",https://digital.ncdcr.gov/about#copyright-and-use-restrictions-simple-rich-text-area,text; image,image/jpeg,eng,,image,https://digital.ncdcr.gov/Documents/Detail/cherokee-woman./344312,/objects/small/073_cherokee_woman_sm.jpg,/objects/thumbs/073_cherokee_woman_th.jpg
,aihm074,Cherokee Fair,https://digital.ncdcr.gov/Documents/Detail/cherokee-fair./345919,1947-9,n,"Hemmer, John H.",,Cherokee Indian Fair Cherokee Reservation,photograph,Cherokee Indians; Native Americans (Indians of North America); North Carolina,,,,Cherokee Indians: multi-part article,State Library of North Carolina,Travel Information Division. Conservation and Development Records. State Archives of North Carolina,https://digital.ncdcr.gov/Documents/Detail/cherokee-fair./345919,,,ConDev6588D,"Users are responsible for determining the legal status of and securing any permissions necessary to distribute, reproduce, or make other use of this item.",https://digital.ncdcr.gov/about#copyright-and-use-restrictions-simple-rich-text-area,text; image,image/jpeg,eng,,image,https://digital.ncdcr.gov/Documents/Detail/cherokee-fair./345919,/objects/small/074_cherokee_fair_sm.jpg,/objects/thumbs/074_cherokee_fair_th.jpg
,aihm075,Cherokee fair,https://digital.ncdcr.gov/Documents/Detail/cherokee-fair./346129,1946,n,,,Stickball players at the Cherokee Indian Fair,photograph,Cherokee Indians; Native Americans (Indians of North America); North Carolina,,,,Cherokee Indians: multi-part article,State Library of North Carolina,Travel Information Division. Conservation and Development Records. State Archives of North Carolina,https://digital.ncdcr.gov/Documents/Detail/cherokee-fair./346129,,,ConDev5930D,"Users are responsible for determining the legal status of and securing any permissions necessary to distribute, reproduce, or make other use of this item.",https://digital.ncdcr.gov/about#copyright-and-use-restrictions-simple-rich-text-area,text; image,image/jpeg,eng,,image,https://digital.ncdcr.gov/Documents/Detail/cherokee-fair./346129,/objects/small/075_cherokee_fair_sm.jpg,/objects/thumbs/075_cherokee_fair_th.jpg
,aihm076,Cherokee performance,https://digital.ncdcr.gov/Documents/Detail/cherokee-performance./344189,1939-10,n,"Sharpe, Bill (William Pleasants)",,Cherokee Indian Fair Oct 1939,photograph,Cherokee Indians; Native Americans (Indians of North America); North Carolina,,,,Cherokee Indians: multi-part article,State Library of North Carolina,Travel Information Division. Conservation and Development Records. State Archives of North Carolina,https://digital.ncdcr.gov/Documents/Detail/cherokee-performance./344189,,,ConDev2361F,"Users are responsible for determining the legal status of and securing any permissions necessary to distribute, reproduce, or make other use of this item.",https://digital.ncdcr.gov/about#copyright-and-use-restrictions-simple-rich-text-area,text; image,image/jpeg,eng,,image,https://digital.ncdcr.gov/Documents/Detail/cherokee-performance./344189,/objects/small/076_cherokee_performance_sm.jpg,/objects/thumbs/076_cherokee_performance_th.jpg
,aihm077,Cherokee ball game,https://digital.ncdcr.gov/Documents/Detail/cherokee-ball-game./344226,1946,n,,,Cherokee stickball game,photograph,Cherokee Indians; Native Americans (Indians of North America); North Carolina; Recreation,,,,Stickball,State Library of North Carolina,Travel Information Division. Conservation and Development Records. State Archives of North Carolina,https://digital.ncdcr.gov/Documents/Detail/cherokee-ball-game./344226,,,ConDev5926A,"Users are responsible for determining the legal status of and securing any permissions necessary to distribute, reproduce, or make other use of this item.",https://digital.ncdcr.gov/about#copyright-and-use-restrictions-simple-rich-text-area,text; image,image/jpeg,eng,,image,https://digital.ncdcr.gov/Documents/Detail/cherokee-ball-game./344226,/objects/small/077_cherokee_ballgame_sm.jpg,/objects/thumbs/077_cherokee_ballgame_th.jpg
,aihm078,Cherokee ball game,https://digital.ncdcr.gov/Documents/Detail/cherokee-ball-game./346936,1946,n,,,Cherokee stickball game,photograph,Cherokee Indians; Native Americans (Indians of North America); North Carolina; Recreation,,,,Stickball,State Library of North Carolina,Travel Information Division. Conservation and Development Records. State Archives of North Carolina,https://digital.ncdcr.gov/Documents/Detail/cherokee-ball-game./346936,,,ConDev5925A,"Users are responsible for determining the legal status of and securing any permissions necessary to distribute, reproduce, or make other use of this item.",https://digital.ncdcr.gov/about#copyright-and-use-restrictions-simple-rich-text-area,text; image,image/jpeg,eng,,image,https://digital.ncdcr.gov/Documents/Detail/cherokee-ball-game./346936,/objects/small/078_cherokee_ballgame_sm.jpg,/objects/thumbs/078_cherokee_ballgame_th.jpg
,aihm079,Cherokee stickball game,https://digital.ncdcr.gov/Documents/Detail/cherokee-stickball-game./344294,1951,n,"Hemmer, John H.",,Cherokee Stickball Game- Cherokee Fair Qualla Reservation 1951,photograph,Cherokee Indians; Native Americans (Indians of North America); North Carolina; Recreation,,,,Stickball,State Library of North Carolina,Travel Information Division. Conservation and Development Records. State Archives of North Carolina,https://digital.ncdcr.gov/Documents/Detail/cherokee-stickball-game./344294,,,ConDev8497B,Copyright is retained by the materials' authors or their descendants as stipulated by US copyright law (Title 17 US Code).,https://digital.ncdcr.gov/about#copyright-and-use-restrictions-simple-rich-text-area,text; image,image/jpeg,eng,,image,https://digital.ncdcr.gov/Documents/Detail/cherokee-stickball-game./344294,/objects/small/079_cherokee_stickball_sm.jpg,/objects/thumbs/079_cherokee_stickball_th.jpg
,aihm080,Cherokee girl weaving basket,https://digital.ncdcr.gov/Documents/Detail/cherokee-girl-weaving-basket./345889,1950,n,Sommer,,Cherokee Indian girl Weaving Basket,photograph,Cherokee Indians; Children; Native Americans (Indians of North America); North Carolina; Women,,,,Basket Making,State Library of North Carolina,Travel Information Division. Conservation and Development Records. State Archives of North Carolina,https://digital.ncdcr.gov/Documents/Detail/cherokee-girl-weaving-basket./345889,,,ConDev8304C,Copyright is retained by the materials' authors or their descendants as stipulated by US copyright law (Title 17 US Code).;,https://digital.ncdcr.gov/about#copyright-and-use-restrictions-simple-rich-text-area,text; image,image/jpeg,eng,,image,https://digital.ncdcr.gov/Documents/Detail/cherokee-girl-weaving-basket./345889,/objects/small/080_weaving_basket_sm.jpg,/objects/thumbs/080_weaving_basket_th.jpg
,aihm081,Indian dance at Cherokee fair,https://digital.ncdcr.gov/Documents/Detail/indian-dance-at-cherokee-fair./344894,1941,n,,,Cherokee Indians dancing at the Cherokee fair,photograph,Cherokee Indians; Dance; Native Americans (Indians of North America); North Carolina,,,,,State Library of North Carolina,Travel Information Division. Conservation and Development Records. State Archives of North Carolina,https://digital.ncdcr.gov/Documents/Detail/indian-dance-at-cherokee-fair./344894,,,ConDev4044C,Copyright is retained by the materials' authors or their descendants as stipulated by US copyright law (Title 17 US Code).;,https://digital.ncdcr.gov/about#copyright-and-use-restrictions-simple-rich-text-area,text; image,image/jpeg,eng,,image,https://digital.ncdcr.gov/Documents/Detail/indian-dance-at-cherokee-fair./344894,/objects/small/081_cherokee_dance_sm.jpg,/objects/thumbs/081_cherokee_dance_th.jpg
,aihm082,Museum of the Cherokee Indian,https://digital.ncdcr.gov/Documents/Detail/museum-of-the-cherokee-indian/50313,2001-07-31,n,North Carolina ECHO (Project),,A photograph of the Museum of the Cherokee People building,photograph,Museums--North Carolina,,,,Museum of the Cherokee Indian,State Library of North Carolina,North Carolina Department of Natural and Cultural Resources,https://digital.ncdcr.gov/Documents/Detail/museum-of-the-cherokee-indian/50313,,,ncecho_092001,"Users are responsible for determining the legal status of and securing any permissions necessary to distribute, reproduce, or make other use of this item.",https://digital.ncdcr.gov/about#copyright-and-use-restrictions-simple-rich-text-area,text; image,image/jpeg,eng,,image,https://digital.ncdcr.gov/Documents/Detail/museum-of-the-cherokee-indian/50313,/objects/small/082_museum_cherokee_sm.jpg,/objects/thumbs/082_museum_cherokee_th.jpg
,aihm083,Museum of the Cherokee Indian,https://digital.ncdcr.gov/Documents/Detail/museum-of-the-cherokee-indian/50315,2001-07-31,n,North Carolina ECHO (Project),,A photograph of baskets at the Museum of the Cherokee Indian People,photograph,Museums--North Carolina,,,,Museum of the Cherokee Indian,State Library of North Carolina,North Carolina Department of Natural and Cultural Resources,https://digital.ncdcr.gov/Documents/Detail/museum-of-the-cherokee-indian/50315,,,ncecho_092008,"Users are responsible for determining the legal status of and securing any permissions necessary to distribute, reproduce, or make other use of this item.",https://digital.ncdcr.gov/about#copyright-and-use-restrictions-simple-rich-text-area,text; image,image/jpeg,eng,,image,https://digital.ncdcr.gov/Documents/Detail/museum-of-the-cherokee-indian/50315,/objects/small/083_museum_cherokee2_sm.jpg,/objects/thumbs/083_museum_cherokee2_th.jpg
,aihm084,"Cherokee County Historical Museum, Inc.",https://digital.ncdcr.gov/Documents/Detail/cherokee-county-historical-museum-inc./57694,2005-05-19,n,North Carolina ECHO (Project),,A photograph of the sign for Cherokee County Historical Museum,photograph,Historical museums--North Carolina,,,,,State Library of North Carolina,North Carolina Department of Natural and Cultural Resources,https://digital.ncdcr.gov/Documents/Detail/cherokee-county-historical-museum-inc./57694,,,ncecho_693001,"Users are responsible for determining the legal status of and securing any permissions necessary to distribute, reproduce, or make other use of this item.",https://digital.ncdcr.gov/about#copyright-and-use-restrictions-simple-rich-text-area,text; image,image/jpeg,eng,,image,https://digital.ncdcr.gov/Documents/Detail/cherokee-county-historical-museum-inc./57694,/objects/small/084_cherokee_county_museum_sm.jpg,/objects/thumbs/084_cherokee_county_museum_th.jpg
,aihm085,Indian Museum of the Carolinas,https://digital.ncdcr.gov/Documents/Detail/indian-museum-of-the-carolinas/55193,2006-09-06,n,North Carolina ECHO (Project),,"A photograph of an exhibit in the Indian Museum of the Carolinas in Laurinburg, NC (now the Carolinas Indian Museum)",photograph,Museums--North Carolina,,,,Indian Museum of the Carolinas,State Library of North Carolina,North Carolina Department of Natural and Cultural Resources,https://digital.ncdcr.gov/Documents/Detail/indian-museum-of-the-carolinas/55193,,,ncecho_510003,"Users are responsible for determining the legal status of and securing any permissions necessary to distribute, reproduce, or make other use of this item.",https://digital.ncdcr.gov/about#copyright-and-use-restrictions-simple-rich-text-area,text; image,image/jpeg,eng,,image,https://digital.ncdcr.gov/Documents/Detail/indian-museum-of-the-carolinas/55193,/objects/small/085_indian_museum_sm.jpg,/objects/thumbs/085_indian_museum_th.jpg
,aihm086,Indian Museum of the Carolinas,https://digital.ncdcr.gov/Documents/Detail/indian-museum-of-the-carolinas/55194,2006-09-06,n,North Carolina ECHO (Project),,"A photograph of the Indian Museum of the Carolinas building in Laurinburg, NC (now the Carolinas Indian Museum)",photograph,Museums--North Carolina,,,,Indian Museum of the Carolinas,State Library of North Carolina,North Carolina Department of Natural and Cultural Resources,https://digital.ncdcr.gov/Documents/Detail/indian-museum-of-the-carolinas/55194,,,ncecho_510002,"Users are responsible for determining the legal status of and securing any permissions necessary to distribute, reproduce, or make other use of this item.",https://digital.ncdcr.gov/about#copyright-and-use-restrictions-simple-rich-text-area,text; image,image/jpeg,eng,,image,https://digital.ncdcr.gov/Documents/Detail/indian-museum-of-the-carolinas/55194,/objects/small/086_indian_museum_sm.jpg,/objects/thumbs/086_indian_museum_th.jpg
,aihm087,North Carolina Indians,https://digital.ncdcr.gov/Documents/Detail/north-carolina-indians/3280825?item=3291298,,,North Carolina Commission of Indian Affairs,,A document highlighting the importance of American Indian Heritage month and discussing different cultural aspects of American Indian hertiage in North Carolina,document,Native Americans (Indians of North America)--North Carolina; Native Americans (Indians of North America)--North Carolina--Social life and customs,,,,,State Library of North Carolina,"North Carolina Commission of Indian Affairs, Department of Administration",https://digital.ncdcr.gov/Documents/Detail/north-carolina-indians/3280825?item=3291298,,,pubs_northcarolinaindians,"Users are responsible for determining the legal status of and securing any permissions necessary to distribute, reproduce, or make other use of this item.",https://digital.ncdcr.gov/about#copyright-and-use-restrictions-simple-rich-text-area,text,application/pdf,eng,,pdf,https://digital.ncdcr.gov/Documents/Detail/north-carolina-indians/3280825?item=3291298,/objects/small/087_nc_indians_sm.jpg,/objects/thumbs/087_nc_indians_th.jpg
aihm003,aihm088,"Lumbee Indians in the Jim Crow south : race, identity, and the making of a nation",https://digital.ncdcr.gov/Documents/Detail/lumbee-indians-in-the-jim-crow-south-race-identity-and-the-making-of-a-nation/2248258,2009,n,"Lowery, Malinda",,"On November 21st, 2009, historian Malinda Lowery presented a talk in conjunction with the museum's 14th annual American Indian Heritage Celebration. An associate professor of history at the University of North Carolina at Chapel Hill, Lowery is the author of several books and worked as a producer and director on several award-winning documentary films. In her talk, she discusses the history and struggles, including the longtime pursuit of federal recognition of the Lumbee Tribe.",podcast,Lumbee Indians--North Carolina--History; Lumbee Indians--North Carolina--Robeson County--Ethnic identity; Lumbee Indians--North Carolina--Robeson County--Government relations; Lumbee Indians--Race identity--North Carolina--Robeson County; Native Americans (Indians of North America)--North Carolina,,,,Lumbee Indians: multi-part articles,State Library of North Carolina,North Carolina Department of Natural and Cultural Resources,https://digital.ncdcr.gov/Documents/Detail/lumbee-indians-in-the-jim-crow-south-race-identity-and-the-making-of-a-nation/2248258,,,pubs_LumbeeindiansJimCrow2009,"Users are responsible for determining the legal status of and securing any permissions necessary to distribute, reproduce, or make other use of this item.",https://digital.ncdcr.gov/about#copyright-and-use-restrictions-simple-rich-text-area,audio,audio/mp3,eng,,audio,https://digital.ncdcr.gov/Documents/Detail/lumbee-indians-in-the-jim-crow-south-race-identity-and-the-making-of-a-nation/2248258,,
aihm003,aihm089,"Meherrin Indian Tribe, Tribal Headquarters and Meherrin Indian Village",https://digital.ncdcr.gov/Documents/Detail/meherrin-indian-tribe-tribal-headquarters-and-meherrin-indian-village/52680,2002-10-07,n,North Carolina ECHO (Project),,"A photograph of a sign for the Meherrin Indian Tribe in Winton, NC",photograph,American Indians; Native Americans (Indians of North America)--North Carolina,,,,Meherrin: People of the Water,State Library of North Carolina,North Carolina Department of Natural and Cultural Resources,https://digital.ncdcr.gov/Documents/Detail/meherrin-indian-tribe-tribal-headquarters-and-meherrin-indian-village/52680,,,ncecho_323001,"Users are responsible for determining the legal status of and securing any permissions necessary to distribute, reproduce, or make other use of this item.",https://digital.ncdcr.gov/about#copyright-and-use-restrictions-simple-rich-text-area,text; image,image/jpeg,eng,,image,https://digital.ncdcr.gov/Documents/Detail/meherrin-indian-tribe-tribal-headquarters-and-meherrin-indian-village/52680,/objects/small/089_meherrin_sm.jpg,/objects/thumbs/089_meherrin_th.jpg
,aihm090,North Carolina Indians,https://digital.ncdcr.gov/Documents/Detail/north-carolina-indians/2308925?item=2316416,1983,n,North Carolina Commission of Indian Affairs. North Carolina. Department of Administration.,,"In response to the many requests for information received from interested persons from across the state, the North Carolina Commission of Indian Affairs has compiled this booklet as a general overview of North Carolina Indians. While this is not intended to be a complete history of the North Carolina Native Americans, it is a good starting point for those wishing to know more about the Indian population, both the past and present. In an attempt to provide specific information, the Commission of Indian Affairs has also included a list of suggested readings and the addresses of Indian organizations within the state which may also be sources of additional information.",booklet,Native Americans (Indians of North America)--North Carolina,,,,,State Library of North Carolina,"North Carolina Commission of Indian Affairs, Department of Administration",https://digital.ncdcr.gov/Documents/Detail/north-carolina-indians/2308925?item=2316416,,,pubs_ncindians1983,"Users are responsible for determining the legal status of and securing any permissions necessary to distribute, reproduce, or make other use of this item.",https://digital.ncdcr.gov/about#copyright-and-use-restrictions-simple-rich-text-area,text; image,application/pdf,eng,,pdf,https://digital.ncdcr.gov/Documents/Detail/north-carolina-indians/2308925?item=2316416,/objects/small/090_nc_indians_sm.jpg,/objects/thumbs/090_nc_indians_th.jpg
,aihm091,Burnt Swamp Baptist Association,https://www.burntswamp.org/,2020,y,Burnt Swamp,,Website for a coalition of Indian Baptist churches that functions as a support network for ministry and outreach.,website,American Indians; Native Americans (Indians of North America)--Religion,,,,Communities of Faith: American Indian Churches in Eastern North Carolina,Burnt Swamp Baptis Association,Burnt Swamp Baptis Association,https://www.burntswamp.org/,,,,All rights reserved. Contact Burnt Creek for questions about copyright,https://www.burntswamp.org/contact,text,text/html,eng,,pdf,https://www.burntswamp.org/,/objects/small/091_burnt_swamp_assc_sm.jpg,/objects/thumbs/091_burnt_swamp_assc_th.jpg
,aihm092,NC American Indian Heritage Commission YouTube channel,https://www.youtube.com/@NCAIHC/featured,,y,NC American Indian Heritage Commission,,YouTube channel for the NC American Indian Heritage Commission.,video,American Indians; Native Americans (Indians of North America)--North Carolina--History; Oral histories,,,,,NC American Indian Heritage Commission,YouTube,https://www.youtube.com/@NCAIHC/featured,,,,"Users are responsible for determining the legal status of and securing any permissions necessary to distribute, reproduce, or make other use of this item.",https://aihc.nc.gov/contact-us,audio,video,eng,,video,https://www.youtube.com/@NCAIHC/featured,/objects/small/092_ncaihc_videos_sm.jpg,/objects/thumbs/092_ncaihc_videos_th.jpg
,ahim093,Indian times newsletter,https://digital.ncdcr.gov/Documents/Detail/indian-times-newsletter-2024-winter-spring/5997828,2024,n,North Carolina Commission of Indian Affairs.,,A recent newsletter from the NC Commission of Indian Affairs,newsletter,Native Americans (Indians of North America)--North Carolina--Periodicals; North Carolina Commission of Indian Affairs--Periodicals,,,,,State Library of North Carolina,North Carolina Commission of Indian Affairs.,https://digital.ncdcr.gov/Documents/Detail/indian-times-newsletter-2024-winter-spring/5997828,,,pubs_serial_7181265_indian2024winterspring,"Users are responsible for determining the legal status of and securing any permissions necessary to distribute, reproduce, or make other use of this item.",https://digital.ncdcr.gov/about#copyright-and-use-restrictions-simple-rich-text-area,text,application/pdf,eng,,pdf,https://digital.ncdcr.gov/Documents/Detail/indian-times-newsletter-2024-winter-spring/5997828,/objects/small/093_indian_times_sm.jpg,/objects/thumb/093_indian_times_th.jpg
,ahim094,"State Advisory Council on Indian Education: Our Children, Our Data, Our Legacy",https://digital.ncdcr.gov/Documents/Detail/state-advisory-council-on-indian-education-...-report-to-the-north-carolina-state-board-of-education-2024-april/6070177,2024-04,n,North Carolina. Department of Public Instruction. North Carolina. State Board of Education.,,A report to the NC State Board of Education about American Indian student performance.,report,Education and state--North Carolina--Periodicals; Indigenous peoples--Education--North Carolina--Periodicals; Indigenous peoples--Education--North Carolina--Statistics; State Advisory Council on Indian Education (N.C.)--Periodicals,,,,State Advisory Council on Indian Education. Equitable and Intentional Practices: The Healing Power of American Indian Education,State Library of North Carolina,North Carolina State Board of Education,https://digital.ncdcr.gov/Documents/Detail/state-advisory-council-on-indian-education-...-report-to-the-north-carolina-state-board-of-education-2024-april/6070177,,,pubs_serial_707728560_report202404,"Users are responsible for determining the legal status of and securing any permissions necessary to distribute, reproduce, or make other use of this item.",https://digital.ncdcr.gov/about#copyright-and-use-restrictions-simple-rich-text-area,text,application/pdf,eng,,pdf,https://digital.ncdcr.gov/Documents/Detail/state-advisory-council-on-indian-education-...-report-to-the-north-carolina-state-board-of-education-2024-april/6070177,/objects/small/094_advisorycouncil_indianeducation_sm.jpg,/objects/thumb/094_advisorycouncil_indianeducation_th.jpg
,ahim095,"Exploring Joara: Excavating the past, shaping the future in western North Carolina",https://digital.ncdcr.gov/Documents/Detail/carolina-arts-sciences-2013-fall/2602266?item=2653877,2013,n,"Spurr, Kim Weaver",,An article about the excavation of Joara and Fort San Juan,article,Education--North Carolina; University of North Carolina at Chapel Hill--Periodicals; University of North Carolina at Chapel Hill. College of Arts and Sciences--Faculty--Periodicals; University of North Carolina at Chapel Hill. College of Arts and Sciences--Periodicals; University of North Carolina at Chapel Hill. College of Arts and Sciences--Students--Periodicals,,,,,State Library of North Carolina,University of North Carolina at Chapel Hill. College of Arts and Sciences.,https://digital.ncdcr.gov/Documents/Detail/carolina-arts-sciences-2013-fall/2602266?item=2653877,,,pubs_serial_artssciencesnewsletter2013fall.pdf,"Users are responsible for determining the legal status of and securing any permissions necessary to distribute, reproduce, or make other use of this item.",https://digital.ncdcr.gov/about#copyright-and-use-restrictions-simple-rich-text-area,text,application/pdf,eng,,pdf,https://digital.ncdcr.gov/Documents/Detail/carolina-arts-sciences-2013-fall/2602266?item=2653877,/objects/small/095_joara_sm.jpg,/objects/thumb/095_joara_th.jpg